{"accuracy": [0.3340838849544525, 0.49676328897476196, 0.5609344244003296, 0.625668466091156, 0.6884323358535767, 0.749507486820221, 0.7838446497917175, 0.8091753721237183, 0.8221221566200256, 0.8634956479072571, 0.877568244934082, 0.8978328108787537, 0.9085280299186707, 0.8989586234092712, 0.9031804203987122, 0.9220377206802368, 0.9164086580276489, 0.9220377206802368, 0.9268224239349365, 0.9321699738502502, 0.93695467710495, 0.9313256144523621, 0.94624263048172], "loss": [1.146439552307129, 0.9954589605331421, 0.8738596439361572, 0.7728659510612488, 0.6236190795898438, 0.5079593658447266, 0.43435758352279663, 0.37970200181007385, 0.34678134322166443, 0.26606935262680054, 0.2342197448015213, 0.19756466150283813, 0.18564893305301666, 0.21769967675209045, 0.18588308990001678, 0.14817319810390472, 0.17333972454071045, 0.1452922224998474, 0.13427616655826569, 0.14612111449241638, 0.12455449998378754, 0.11827109009027481, 0.11365233361721039], "val_accuracy": [0.5111694931983948, 0.5886991024017334, 0.6084100008010864, 0.6478317975997925, 0.6951379776000977, 0.8055190443992615, 0.8252299427986145, 0.809461236000061, 0.8475689888000488, 0.8961892127990723, 0.9211563467979431, 0.9264126420021057, 0.9448094367980957, 0.9250985383987427, 0.927726686000824, 0.947437584400177, 0.9303547739982605, 0.960578203201294, 0.9632062911987305, 0.9526938199996948, 0.9382391571998596, 0.9526938199996948, 0.9487516283988953], "val_loss": [1.0617380142211914, 0.846376895904541, 0.8271912932395935, 0.6866528987884521, 0.6106745600700378, 0.4620949327945709, 0.38079211115837097, 0.4210933446884155, 0.34474584460258484, 0.26507124304771423, 0.2036450058221817, 0.2028340846300125, 0.17504222691059113, 0.18573260307312012, 0.18005213141441345, 0.14107879996299744, 0.15659448504447937, 0.11149182170629501, 0.11752612143754959, 0.12736056745052338, 0.16331005096435547, 0.12514613568782806, 0.15482476353645325]}